date_key,date_day,year,quarter,month,day,day_of_week,day_name,is_weekend
20240101,2024-01-01,2024,1,1,1,0,Monday,False
20240102,2024-01-02,2024,1,1,2,1,Tuesday,False
20240103,2024-01-03,2024,1,1,3,2,Wednesday,False
20240104,2024-01-04,2024,1,1,4,3,Thursday,False
20240105,2024-01-05,2024,1,1,5,4,Friday,False
20240106,2024-01-06,2024,1,1,6,5,Saturday,True
20240107,2024-01-07,2024,1,1,7,6,Sunday,True
20240108,2024-01-08,2024,1,1,8,0,Monday,False
20240109,2024-01-09,2024,1,1,9,1,Tuesday,False
20240110,2024-01-10,2024,1,1,10,2,Wednesday,False
20240111,2024-01-11,2024,1,1,11,3,Thursday,False
20240112,2024-01-12,2024,1,1,12,4,Friday,False
20240113,2024-01-13,2024,1,1,13,5,Saturday,True
20240114,2024-01-14,2024,1,1,14,6,Sunday,True
20240115,2024-01-15,2024,1,1,15,0,Monday,False
20240116,2024-01-16,2024,1,1,16,1,Tuesday,False
20240117,2024-01-17,2024,1,1,17,2,Wednesday,False
20240118,2024-01-18,2024,1,1,18,3,Thursday,False
20240119,2024-01-19,2024,1,1,19,4,Friday,False
20240120,2024-01-20,2024,1,1,20,5,Saturday,True
20240121,2024-01-21,2024,1,1,21,6,Sunday,True
20240122,2024-01-22,2024,1,1,22,0,Monday,False
20240123,2024-01-23,2024,1,1,23,1,Tuesday,False
20240124,2024-01-24,2024,1,1,24,2,Wednesday,False
20240125,2024-01-25,2024,1,1,25,3,Thursday,False
20240126,2024-01-26,2024,1,1,26,4,Friday,False
20240127,2024-01-27,2024,1,1,27,5,Saturday,True
20240128,2024-01-28,2024,1,1,28,6,Sunday,True
20240129,2024-01-29,2024,1,1,29,0,Monday,False
20240130,2024-01-30,2024,1,1,30,1,Tuesday,False
20240131,2024-01-31,2024,1,1,31,2,Wednesday,False
20240201,2024-02-01,2024,1,2,1,3,Thursday,False
20240202,2024-02-02,2024,1,2,2,4,Friday,False
20240203,2024-02-03,2024,1,2,3,5,Saturday,True
20240204,2024-02-04,2024,1,2,4,6,Sunday,True
20240205,2024-02-05,2024,1,2,5,0,Monday,False
20240206,2024-02-06,2024,1,2,6,1,Tuesday,False
20240207,2024-02-07,2024,1,2,7,2,Wednesday,False
20240208,2024-02-08,2024,1,2,8,3,Thursday,False
20240209,2024-02-09,2024,1,2,9,4,Friday,False
20240210,2024-02-10,2024,1,2,10,5,Saturday,True
20240211,2024-02-11,2024,1,2,11,6,Sunday,True
20240212,2024-02-12,2024,1,2,12,0,Monday,False
20240213,2024-02-13,2024,1,2,13,1,Tuesday,False
20240214,2024-02-14,2024,1,2,14,2,Wednesday,False
20240215,2024-02-15,2024,1,2,15,3,Thursday,False
20240216,2024-02-16,2024,1,2,16,4,Friday,False
20240217,2024-02-17,2024,1,2,17,5,Saturday,True
20240218,2024-02-18,2024,1,2,18,6,Sunday,True
20240219,2024-02-19,2024,1,2,19,0,Monday,False
20240220,2024-02-20,2024,1,2,20,1,Tuesday,False
20240221,2024-02-21,2024,1,2,21,2,Wednesday,False
20240222,2024-02-22,2024,1,2,22,3,Thursday,False
20240223,2024-02-23,2024,1,2,23,4,Friday,False
20240224,2024-02-24,2024,1,2,24,5,Saturday,True
20240225,2024-02-25,2024,1,2,25,6,Sunday,True
20240226,2024-02-26,2024,1,2,26,0,Monday,False
20240227,2024-02-27,2024,1,2,27,1,Tuesday,False
20240228,2024-02-28,2024,1,2,28,2,Wednesday,False
20240229,2024-02-29,2024,1,2,29,3,Thursday,False
20240301,2024-03-01,2024,1,3,1,4,Friday,False
20240302,2024-03-02,2024,1,3,2,5,Saturday,True
20240303,2024-03-03,2024,1,3,3,6,Sunday,True
20240304,2024-03-04,2024,1,3,4,0,Monday,False
20240305,2024-03-05,2024,1,3,5,1,Tuesday,False
20240306,2024-03-06,2024,1,3,6,2,Wednesday,False
20240307,2024-03-07,2024,1,3,7,3,Thursday,False
20240308,2024-03-08,2024,1,3,8,4,Friday,False
20240309,2024-03-09,2024,1,3,9,5,Saturday,True
20240310,2024-03-10,2024,1,3,10,6,Sunday,True
20240311,2024-03-11,2024,1,3,11,0,Monday,False
20240312,2024-03-12,2024,1,3,12,1,Tuesday,False
20240313,2024-03-13,2024,1,3,13,2,Wednesday,False
20240314,2024-03-14,2024,1,3,14,3,Thursday,False
20240315,2024-03-15,2024,1,3,15,4,Friday,False
20240316,2024-03-16,2024,1,3,16,5,Saturday,True
20240317,2024-03-17,2024,1,3,17,6,Sunday,True
20240318,2024-03-18,2024,1,3,18,0,Monday,False
20240319,2024-03-19,2024,1,3,19,1,Tuesday,False
20240320,2024-03-20,2024,1,3,20,2,Wednesday,False
20240321,2024-03-21,2024,1,3,21,3,Thursday,False
20240322,2024-03-22,2024,1,3,22,4,Friday,False
20240323,2024-03-23,2024,1,3,23,5,Saturday,True
20240324,2024-03-24,2024,1,3,24,6,Sunday,True
20240325,2024-03-25,2024,1,3,25,0,Monday,False
20240326,2024-03-26,2024,1,3,26,1,Tuesday,False
20240327,2024-03-27,2024,1,3,27,2,Wednesday,False
20240328,2024-03-28,2024,1,3,28,3,Thursday,False
20240329,2024-03-29,2024,1,3,29,4,Friday,False
20240330,2024-03-30,2024,1,3,30,5,Saturday,True
20240331,2024-03-31,2024,1,3,31,6,Sunday,True
20240401,2024-04-01,2024,2,4,1,0,Monday,False
20240402,2024-04-02,2024,2,4,2,1,Tuesday,False
20240403,2024-04-03,2024,2,4,3,2,Wednesday,False
20240404,2024-04-04,2024,2,4,4,3,Thursday,False
20240405,2024-04-05,2024,2,4,5,4,Friday,False
20240406,2024-04-06,2024,2,4,6,5,Saturday,True
20240407,2024-04-07,2024,2,4,7,6,Sunday,True
20240408,2024-04-08,2024,2,4,8,0,Monday,False
20240409,2024-04-09,2024,2,4,9,1,Tuesday,False
20240410,2024-04-10,2024,2,4,10,2,Wednesday,False
20240411,2024-04-11,2024,2,4,11,3,Thursday,False
20240412,2024-04-12,2024,2,4,12,4,Friday,False
20240413,2024-04-13,2024,2,4,13,5,Saturday,True
20240414,2024-04-14,2024,2,4,14,6,Sunday,True
20240415,2024-04-15,2024,2,4,15,0,Monday,False
20240416,2024-04-16,2024,2,4,16,1,Tuesday,False
20240417,2024-04-17,2024,2,4,17,2,Wednesday,False
20240418,2024-04-18,2024,2,4,18,3,Thursday,False
20240419,2024-04-19,2024,2,4,19,4,Friday,False
20240420,2024-04-20,2024,2,4,20,5,Saturday,True
20240421,2024-04-21,2024,2,4,21,6,Sunday,True
20240422,2024-04-22,2024,2,4,22,0,Monday,False
20240423,2024-04-23,2024,2,4,23,1,Tuesday,False
20240424,2024-04-24,2024,2,4,24,2,Wednesday,False
20240425,2024-04-25,2024,2,4,25,3,Thursday,False
20240426,2024-04-26,2024,2,4,26,4,Friday,False
20240427,2024-04-27,2024,2,4,27,5,Saturday,True
20240428,2024-04-28,2024,2,4,28,6,Sunday,True
20240429,2024-04-29,2024,2,4,29,0,Monday,False
20240430,2024-04-30,2024,2,4,30,1,Tuesday,False
20240501,2024-05-01,2024,2,5,1,2,Wednesday,False
20240502,2024-05-02,2024,2,5,2,3,Thursday,False
20240503,2024-05-03,2024,2,5,3,4,Friday,False
20240504,2024-05-04,2024,2,5,4,5,Saturday,True
20240505,2024-05-05,2024,2,5,5,6,Sunday,True
20240506,2024-05-06,2024,2,5,6,0,Monday,False
20240507,2024-05-07,2024,2,5,7,1,Tuesday,False
20240508,2024-05-08,2024,2,5,8,2,Wednesday,False
20240509,2024-05-09,2024,2,5,9,3,Thursday,False
20240510,2024-05-10,2024,2,5,10,4,Friday,False
20240511,2024-05-11,2024,2,5,11,5,Saturday,True
20240512,2024-05-12,2024,2,5,12,6,Sunday,True
20240513,2024-05-13,2024,2,5,13,0,Monday,False
20240514,2024-05-14,2024,2,5,14,1,Tuesday,False
20240515,2024-05-15,2024,2,5,15,2,Wednesday,False
20240516,2024-05-16,2024,2,5,16,3,Thursday,False
20240517,2024-05-17,2024,2,5,17,4,Friday,False
20240518,2024-05-18,2024,2,5,18,5,Saturday,True
20240519,2024-05-19,2024,2,5,19,6,Sunday,True
20240520,2024-05-20,2024,2,5,20,0,Monday,False
20240521,2024-05-21,2024,2,5,21,1,Tuesday,False
20240522,2024-05-22,2024,2,5,22,2,Wednesday,False
20240523,2024-05-23,2024,2,5,23,3,Thursday,False
20240524,2024-05-24,2024,2,5,24,4,Friday,False
20240525,2024-05-25,2024,2,5,25,5,Saturday,True
20240526,2024-05-26,2024,2,5,26,6,Sunday,True
20240527,2024-05-27,2024,2,5,27,0,Monday,False
20240528,2024-05-28,2024,2,5,28,1,Tuesday,False
20240529,2024-05-29,2024,2,5,29,2,Wednesday,False
20240530,2024-05-30,2024,2,5,30,3,Thursday,False
20240531,2024-05-31,2024,2,5,31,4,Friday,False
20240601,2024-06-01,2024,2,6,1,5,Saturday,True
20240602,2024-06-02,2024,2,6,2,6,Sunday,True
20240603,2024-06-03,2024,2,6,3,0,Monday,False
20240604,2024-06-04,2024,2,6,4,1,Tuesday,False
20240605,2024-06-05,2024,2,6,5,2,Wednesday,False
20240606,2024-06-06,2024,2,6,6,3,Thursday,False
20240607,2024-06-07,2024,2,6,7,4,Friday,False
20240608,2024-06-08,2024,2,6,8,5,Saturday,True
20240609,2024-06-09,2024,2,6,9,6,Sunday,True
20240610,2024-06-10,2024,2,6,10,0,Monday,False
20240611,2024-06-11,2024,2,6,11,1,Tuesday,False
20240612,2024-06-12,2024,2,6,12,2,Wednesday,False
20240613,2024-06-13,2024,2,6,13,3,Thursday,False
20240614,2024-06-14,2024,2,6,14,4,Friday,False
20240615,2024-06-15,2024,2,6,15,5,Saturday,True
20240616,2024-06-16,2024,2,6,16,6,Sunday,True
20240617,2024-06-17,2024,2,6,17,0,Monday,False
20240618,2024-06-18,2024,2,6,18,1,Tuesday,False
20240619,2024-06-19,2024,2,6,19,2,Wednesday,False
20240620,2024-06-20,2024,2,6,20,3,Thursday,False
20240621,2024-06-21,2024,2,6,21,4,Friday,False
20240622,2024-06-22,2024,2,6,22,5,Saturday,True
20240623,2024-06-23,2024,2,6,23,6,Sunday,True
20240624,2024-06-24,2024,2,6,24,0,Monday,False
20240625,2024-06-25,2024,2,6,25,1,Tuesday,False
20240626,2024-06-26,2024,2,6,26,2,Wednesday,False
20240627,2024-06-27,2024,2,6,27,3,Thursday,False
20240628,2024-06-28,2024,2,6,28,4,Friday,False
20240629,2024-06-29,2024,2,6,29,5,Saturday,True
20240630,2024-06-30,2024,2,6,30,6,Sunday,True
20240701,2024-07-01,2024,3,7,1,0,Monday,False
20240702,2024-07-02,2024,3,7,2,1,Tuesday,False
20240703,2024-07-03,2024,3,7,3,2,Wednesday,False
20240704,2024-07-04,2024,3,7,4,3,Thursday,False
20240705,2024-07-05,2024,3,7,5,4,Friday,False
20240706,2024-07-06,2024,3,7,6,5,Saturday,True
20240707,2024-07-07,2024,3,7,7,6,Sunday,True
20240708,2024-07-08,2024,3,7,8,0,Monday,False
20240709,2024-07-09,2024,3,7,9,1,Tuesday,False
20240710,2024-07-10,2024,3,7,10,2,Wednesday,False
20240711,2024-07-11,2024,3,7,11,3,Thursday,False
20240712,2024-07-12,2024,3,7,12,4,Friday,False
20240713,2024-07-13,2024,3,7,13,5,Saturday,True
20240714,2024-07-14,2024,3,7,14,6,Sunday,True
20240715,2024-07-15,2024,3,7,15,0,Monday,False
20240716,2024-07-16,2024,3,7,16,1,Tuesday,False
20240717,2024-07-17,2024,3,7,17,2,Wednesday,False
20240718,2024-07-18,2024,3,7,18,3,Thursday,False
20240719,2024-07-19,2024,3,7,19,4,Friday,False
20240720,2024-07-20,2024,3,7,20,5,Saturday,True
20240721,2024-07-21,2024,3,7,21,6,Sunday,True
20240722,2024-07-22,2024,3,7,22,0,Monday,False
20240723,2024-07-23,2024,3,7,23,1,Tuesday,False
20240724,2024-07-24,2024,3,7,24,2,Wednesday,False
20240725,2024-07-25,2024,3,7,25,3,Thursday,False
20240726,2024-07-26,2024,3,7,26,4,Friday,False
20240727,2024-07-27,2024,3,7,27,5,Saturday,True
20240728,2024-07-28,2024,3,7,28,6,Sunday,True
20240729,2024-07-29,2024,3,7,29,0,Monday,False
20240730,2024-07-30,2024,3,7,30,1,Tuesday,False
20240731,2024-07-31,2024,3,7,31,2,Wednesday,False
20240801,2024-08-01,2024,3,8,1,3,Thursday,False
20240802,2024-08-02,2024,3,8,2,4,Friday,False
20240803,2024-08-03,2024,3,8,3,5,Saturday,True
20240804,2024-08-04,2024,3,8,4,6,Sunday,True
20240805,2024-08-05,2024,3,8,5,0,Monday,False
20240806,2024-08-06,2024,3,8,6,1,Tuesday,False
20240807,2024-08-07,2024,3,8,7,2,Wednesday,False
20240808,2024-08-08,2024,3,8,8,3,Thursday,False
20240809,2024-08-09,2024,3,8,9,4,Friday,False
20240810,2024-08-10,2024,3,8,10,5,Saturday,True
20240811,2024-08-11,2024,3,8,11,6,Sunday,True
20240812,2024-08-12,2024,3,8,12,0,Monday,False
20240813,2024-08-13,2024,3,8,13,1,Tuesday,False
20240814,2024-08-14,2024,3,8,14,2,Wednesday,False
20240815,2024-08-15,2024,3,8,15,3,Thursday,False
20240816,2024-08-16,2024,3,8,16,4,Friday,False
20240817,2024-08-17,2024,3,8,17,5,Saturday,True
20240818,2024-08-18,2024,3,8,18,6,Sunday,True
20240819,2024-08-19,2024,3,8,19,0,Monday,False
20240820,2024-08-20,2024,3,8,20,1,Tuesday,False
20240821,2024-08-21,2024,3,8,21,2,Wednesday,False
20240822,2024-08-22,2024,3,8,22,3,Thursday,False
20240823,2024-08-23,2024,3,8,23,4,Friday,False
20240824,2024-08-24,2024,3,8,24,5,Saturday,True
20240825,2024-08-25,2024,3,8,25,6,Sunday,True
20240826,2024-08-26,2024,3,8,26,0,Monday,False
20240827,2024-08-27,2024,3,8,27,1,Tuesday,False
20240828,2024-08-28,2024,3,8,28,2,Wednesday,False
20240829,2024-08-29,2024,3,8,29,3,Thursday,False
20240830,2024-08-30,2024,3,8,30,4,Friday,False
20240831,2024-08-31,2024,3,8,31,5,Saturday,True
20240901,2024-09-01,2024,3,9,1,6,Sunday,True
20240902,2024-09-02,2024,3,9,2,0,Monday,False
20240903,2024-09-03,2024,3,9,3,1,Tuesday,False
20240904,2024-09-04,2024,3,9,4,2,Wednesday,False
20240905,2024-09-05,2024,3,9,5,3,Thursday,False
20240906,2024-09-06,2024,3,9,6,4,Friday,False
20240907,2024-09-07,2024,3,9,7,5,Saturday,True
20240908,2024-09-08,2024,3,9,8,6,Sunday,True
20240909,2024-09-09,2024,3,9,9,0,Monday,False
20240910,2024-09-10,2024,3,9,10,1,Tuesday,False
20240911,2024-09-11,2024,3,9,11,2,Wednesday,False
20240912,2024-09-12,2024,3,9,12,3,Thursday,False
20240913,2024-09-13,2024,3,9,13,4,Friday,False
20240914,2024-09-14,2024,3,9,14,5,Saturday,True
20240915,2024-09-15,2024,3,9,15,6,Sunday,True
20240916,2024-09-16,2024,3,9,16,0,Monday,False
20240917,2024-09-17,2024,3,9,17,1,Tuesday,False
20240918,2024-09-18,2024,3,9,18,2,Wednesday,False
20240919,2024-09-19,2024,3,9,19,3,Thursday,False
20240920,2024-09-20,2024,3,9,20,4,Friday,False
20240921,2024-09-21,2024,3,9,21,5,Saturday,True
20240922,2024-09-22,2024,3,9,22,6,Sunday,True
20240923,2024-09-23,2024,3,9,23,0,Monday,False
20240924,2024-09-24,2024,3,9,24,1,Tuesday,False
20240925,2024-09-25,2024,3,9,25,2,Wednesday,False
20240926,2024-09-26,2024,3,9,26,3,Thursday,False
20240927,2024-09-27,2024,3,9,27,4,Friday,False
20240928,2024-09-28,2024,3,9,28,5,Saturday,True
20240929,2024-09-29,2024,3,9,29,6,Sunday,True
20240930,2024-09-30,2024,3,9,30,0,Monday,False
20241001,2024-10-01,2024,4,10,1,1,Tuesday,False
20241002,2024-10-02,2024,4,10,2,2,Wednesday,False
20241003,2024-10-03,2024,4,10,3,3,Thursday,False
20241004,2024-10-04,2024,4,10,4,4,Friday,False
20241005,2024-10-05,2024,4,10,5,5,Saturday,True
20241006,2024-10-06,2024,4,10,6,6,Sunday,True
20241007,2024-10-07,2024,4,10,7,0,Monday,False
20241008,2024-10-08,2024,4,10,8,1,Tuesday,False
20241009,2024-10-09,2024,4,10,9,2,Wednesday,False
20241010,2024-10-10,2024,4,10,10,3,Thursday,False
20241011,2024-10-11,2024,4,10,11,4,Friday,False
20241012,2024-10-12,2024,4,10,12,5,Saturday,True
20241013,2024-10-13,2024,4,10,13,6,Sunday,True
20241014,2024-10-14,2024,4,10,14,0,Monday,False
20241015,2024-10-15,2024,4,10,15,1,Tuesday,False
20241016,2024-10-16,2024,4,10,16,2,Wednesday,False
20241017,2024-10-17,2024,4,10,17,3,Thursday,False
20241018,2024-10-18,2024,4,10,18,4,Friday,False
20241019,2024-10-19,2024,4,10,19,5,Saturday,True
20241020,2024-10-20,2024,4,10,20,6,Sunday,True
20241021,2024-10-21,2024,4,10,21,0,Monday,False
20241022,2024-10-22,2024,4,10,22,1,Tuesday,False
20241023,2024-10-23,2024,4,10,23,2,Wednesday,False
20241024,2024-10-24,2024,4,10,24,3,Thursday,False
20241025,2024-10-25,2024,4,10,25,4,Friday,False
20241026,2024-10-26,2024,4,10,26,5,Saturday,True
20241027,2024-10-27,2024,4,10,27,6,Sunday,True
20241028,2024-10-28,2024,4,10,28,0,Monday,False
20241029,2024-10-29,2024,4,10,29,1,Tuesday,False
20241030,2024-10-30,2024,4,10,30,2,Wednesday,False
20241031,2024-10-31,2024,4,10,31,3,Thursday,False
20241101,2024-11-01,2024,4,11,1,4,Friday,False
20241102,2024-11-02,2024,4,11,2,5,Saturday,True
20241103,2024-11-03,2024,4,11,3,6,Sunday,True
20241104,2024-11-04,2024,4,11,4,0,Monday,False
20241105,2024-11-05,2024,4,11,5,1,Tuesday,False
20241106,2024-11-06,2024,4,11,6,2,Wednesday,False
20241107,2024-11-07,2024,4,11,7,3,Thursday,False
20241108,2024-11-08,2024,4,11,8,4,Friday,False
20241109,2024-11-09,2024,4,11,9,5,Saturday,True
20241110,2024-11-10,2024,4,11,10,6,Sunday,True
20241111,2024-11-11,2024,4,11,11,0,Monday,False
20241112,2024-11-12,2024,4,11,12,1,Tuesday,False
20241113,2024-11-13,2024,4,11,13,2,Wednesday,False
20241114,2024-11-14,2024,4,11,14,3,Thursday,False
20241115,2024-11-15,2024,4,11,15,4,Friday,False
20241116,2024-11-16,2024,4,11,16,5,Saturday,True
20241117,2024-11-17,2024,4,11,17,6,Sunday,True
20241118,2024-11-18,2024,4,11,18,0,Monday,False
20241119,2024-11-19,2024,4,11,19,1,Tuesday,False
20241120,2024-11-20,2024,4,11,20,2,Wednesday,False
20241121,2024-11-21,2024,4,11,21,3,Thursday,False
20241122,2024-11-22,2024,4,11,22,4,Friday,False
20241123,2024-11-23,2024,4,11,23,5,Saturday,True
20241124,2024-11-24,2024,4,11,24,6,Sunday,True
20241125,2024-11-25,2024,4,11,25,0,Monday,False
20241126,2024-11-26,2024,4,11,26,1,Tuesday,False
20241127,2024-11-27,2024,4,11,27,2,Wednesday,False
20241128,2024-11-28,2024,4,11,28,3,Thursday,False
20241129,2024-11-29,2024,4,11,29,4,Friday,False
20241130,2024-11-30,2024,4,11,30,5,Saturday,True
20241201,2024-12-01,2024,4,12,1,6,Sunday,True
20241202,2024-12-02,2024,4,12,2,0,Monday,False
20241203,2024-12-03,2024,4,12,3,1,Tuesday,False
20241204,2024-12-04,2024,4,12,4,2,Wednesday,False
20241205,2024-12-05,2024,4,12,5,3,Thursday,False
20241206,2024-12-06,2024,4,12,6,4,Friday,False
20241207,2024-12-07,2024,4,12,7,5,Saturday,True
20241208,2024-12-08,2024,4,12,8,6,Sunday,True
20241209,2024-12-09,2024,4,12,9,0,Monday,False
20241210,2024-12-10,2024,4,12,10,1,Tuesday,False
20241211,2024-12-11,2024,4,12,11,2,Wednesday,False
20241212,2024-12-12,2024,4,12,12,3,Thursday,False
20241213,2024-12-13,2024,4,12,13,4,Friday,False
20241214,2024-12-14,2024,4,12,14,5,Saturday,True
20241215,2024-12-15,2024,4,12,15,6,Sunday,True
20241216,2024-12-16,2024,4,12,16,0,Monday,False
20241217,2024-12-17,2024,4,12,17,1,Tuesday,False
20241218,2024-12-18,2024,4,12,18,2,Wednesday,False
20241219,2024-12-19,2024,4,12,19,3,Thursday,False
20241220,2024-12-20,2024,4,12,20,4,Friday,False
20241221,2024-12-21,2024,4,12,21,5,Saturday,True
20241222,2024-12-22,2024,4,12,22,6,Sunday,True
20241223,2024-12-23,2024,4,12,23,0,Monday,False
20241224,2024-12-24,2024,4,12,24,1,Tuesday,False
20241225,2024-12-25,2024,4,12,25,2,Wednesday,False
20241226,2024-12-26,2024,4,12,26,3,Thursday,False
20241227,2024-12-27,2024,4,12,27,4,Friday,False
20241228,2024-12-28,2024,4,12,28,5,Saturday,True
20241229,2024-12-29,2024,4,12,29,6,Sunday,True
20241230,2024-12-30,2024,4,12,30,0,Monday,False
20241231,2024-12-31,2024,4,12,31,1,Tuesday,False
20250101,2025-01-01,2025,1,1,1,2,Wednesday,False
20250102,2025-01-02,2025,1,1,2,3,Thursday,False
20250103,2025-01-03,2025,1,1,3,4,Friday,False
20250104,2025-01-04,2025,1,1,4,5,Saturday,True
20250105,2025-01-05,2025,1,1,5,6,Sunday,True
20250106,2025-01-06,2025,1,1,6,0,Monday,False
20250107,2025-01-07,2025,1,1,7,1,Tuesday,False
20250108,2025-01-08,2025,1,1,8,2,Wednesday,False
20250109,2025-01-09,2025,1,1,9,3,Thursday,False
20250110,2025-01-10,2025,1,1,10,4,Friday,False
20250111,2025-01-11,2025,1,1,11,5,Saturday,True
20250112,2025-01-12,2025,1,1,12,6,Sunday,True
20250113,2025-01-13,2025,1,1,13,0,Monday,False
20250114,2025-01-14,2025,1,1,14,1,Tuesday,False
20250115,2025-01-15,2025,1,1,15,2,Wednesday,False
20250116,2025-01-16,2025,1,1,16,3,Thursday,False
20250117,2025-01-17,2025,1,1,17,4,Friday,False
20250118,2025-01-18,2025,1,1,18,5,Saturday,True
20250119,2025-01-19,2025,1,1,19,6,Sunday,True
20250120,2025-01-20,2025,1,1,20,0,Monday,False
20250121,2025-01-21,2025,1,1,21,1,Tuesday,False
20250122,2025-01-22,2025,1,1,22,2,Wednesday,False
20250123,2025-01-23,2025,1,1,23,3,Thursday,False
20250124,2025-01-24,2025,1,1,24,4,Friday,False
20250125,2025-01-25,2025,1,1,25,5,Saturday,True
20250126,2025-01-26,2025,1,1,26,6,Sunday,True
20250127,2025-01-27,2025,1,1,27,0,Monday,False
20250128,2025-01-28,2025,1,1,28,1,Tuesday,False
20250129,2025-01-29,2025,1,1,29,2,Wednesday,False
20250130,2025-01-30,2025,1,1,30,3,Thursday,False
20250131,2025-01-31,2025,1,1,31,4,Friday,False
20250201,2025-02-01,2025,1,2,1,5,Saturday,True
20250202,2025-02-02,2025,1,2,2,6,Sunday,True
20250203,2025-02-03,2025,1,2,3,0,Monday,False
20250204,2025-02-04,2025,1,2,4,1,Tuesday,False
20250205,2025-02-05,2025,1,2,5,2,Wednesday,False
20250206,2025-02-06,2025,1,2,6,3,Thursday,False
20250207,2025-02-07,2025,1,2,7,4,Friday,False
20250208,2025-02-08,2025,1,2,8,5,Saturday,True
20250209,2025-02-09,2025,1,2,9,6,Sunday,True
20250210,2025-02-10,2025,1,2,10,0,Monday,False
20250211,2025-02-11,2025,1,2,11,1,Tuesday,False
20250212,2025-02-12,2025,1,2,12,2,Wednesday,False
20250213,2025-02-13,2025,1,2,13,3,Thursday,False
20250214,2025-02-14,2025,1,2,14,4,Friday,False
20250215,2025-02-15,2025,1,2,15,5,Saturday,True
20250216,2025-02-16,2025,1,2,16,6,Sunday,True
20250217,2025-02-17,2025,1,2,17,0,Monday,False
20250218,2025-02-18,2025,1,2,18,1,Tuesday,False
20250219,2025-02-19,2025,1,2,19,2,Wednesday,False
20250220,2025-02-20,2025,1,2,20,3,Thursday,False
20250221,2025-02-21,2025,1,2,21,4,Friday,False
20250222,2025-02-22,2025,1,2,22,5,Saturday,True
20250223,2025-02-23,2025,1,2,23,6,Sunday,True
20250224,2025-02-24,2025,1,2,24,0,Monday,False
20250225,2025-02-25,2025,1,2,25,1,Tuesday,False
20250226,2025-02-26,2025,1,2,26,2,Wednesday,False
20250227,2025-02-27,2025,1,2,27,3,Thursday,False
20250228,2025-02-28,2025,1,2,28,4,Friday,False
20250301,2025-03-01,2025,1,3,1,5,Saturday,True
20250302,2025-03-02,2025,1,3,2,6,Sunday,True
20250303,2025-03-03,2025,1,3,3,0,Monday,False
20250304,2025-03-04,2025,1,3,4,1,Tuesday,False
20250305,2025-03-05,2025,1,3,5,2,Wednesday,False
20250306,2025-03-06,2025,1,3,6,3,Thursday,False
20250307,2025-03-07,2025,1,3,7,4,Friday,False
20250308,2025-03-08,2025,1,3,8,5,Saturday,True
20250309,2025-03-09,2025,1,3,9,6,Sunday,True
20250310,2025-03-10,2025,1,3,10,0,Monday,False
20250311,2025-03-11,2025,1,3,11,1,Tuesday,False
20250312,2025-03-12,2025,1,3,12,2,Wednesday,False
20250313,2025-03-13,2025,1,3,13,3,Thursday,False
20250314,2025-03-14,2025,1,3,14,4,Friday,False
20250315,2025-03-15,2025,1,3,15,5,Saturday,True
20250316,2025-03-16,2025,1,3,16,6,Sunday,True
20250317,2025-03-17,2025,1,3,17,0,Monday,False
20250318,2025-03-18,2025,1,3,18,1,Tuesday,False
20250319,2025-03-19,2025,1,3,19,2,Wednesday,False
20250320,2025-03-20,2025,1,3,20,3,Thursday,False
20250321,2025-03-21,2025,1,3,21,4,Friday,False
20250322,2025-03-22,2025,1,3,22,5,Saturday,True
20250323,2025-03-23,2025,1,3,23,6,Sunday,True
20250324,2025-03-24,2025,1,3,24,0,Monday,False
20250325,2025-03-25,2025,1,3,25,1,Tuesday,False
20250326,2025-03-26,2025,1,3,26,2,Wednesday,False
20250327,2025-03-27,2025,1,3,27,3,Thursday,False
20250328,2025-03-28,2025,1,3,28,4,Friday,False
20250329,2025-03-29,2025,1,3,29,5,Saturday,True
20250330,2025-03-30,2025,1,3,30,6,Sunday,True
20250331,2025-03-31,2025,1,3,31,0,Monday,False
20250401,2025-04-01,2025,2,4,1,1,Tuesday,False
20250402,2025-04-02,2025,2,4,2,2,Wednesday,False
20250403,2025-04-03,2025,2,4,3,3,Thursday,False
20250404,2025-04-04,2025,2,4,4,4,Friday,False
20250405,2025-04-05,2025,2,4,5,5,Saturday,True
20250406,2025-04-06,2025,2,4,6,6,Sunday,True
20250407,2025-04-07,2025,2,4,7,0,Monday,False
20250408,2025-04-08,2025,2,4,8,1,Tuesday,False
20250409,2025-04-09,2025,2,4,9,2,Wednesday,False
20250410,2025-04-10,2025,2,4,10,3,Thursday,False
20250411,2025-04-11,2025,2,4,11,4,Friday,False
20250412,2025-04-12,2025,2,4,12,5,Saturday,True
20250413,2025-04-13,2025,2,4,13,6,Sunday,True
20250414,2025-04-14,2025,2,4,14,0,Monday,False
20250415,2025-04-15,2025,2,4,15,1,Tuesday,False
20250416,2025-04-16,2025,2,4,16,2,Wednesday,False
20250417,2025-04-17,2025,2,4,17,3,Thursday,False
20250418,2025-04-18,2025,2,4,18,4,Friday,False
20250419,2025-04-19,2025,2,4,19,5,Saturday,True
20250420,2025-04-20,2025,2,4,20,6,Sunday,True
20250421,2025-04-21,2025,2,4,21,0,Monday,False
20250422,2025-04-22,2025,2,4,22,1,Tuesday,False
20250423,2025-04-23,2025,2,4,23,2,Wednesday,False
20250424,2025-04-24,2025,2,4,24,3,Thursday,False
20250425,2025-04-25,2025,2,4,25,4,Friday,False
20250426,2025-04-26,2025,2,4,26,5,Saturday,True
20250427,2025-04-27,2025,2,4,27,6,Sunday,True
20250428,2025-04-28,2025,2,4,28,0,Monday,False
20250429,2025-04-29,2025,2,4,29,1,Tuesday,False
20250430,2025-04-30,2025,2,4,30,2,Wednesday,False
20250501,2025-05-01,2025,2,5,1,3,Thursday,False
20250502,2025-05-02,2025,2,5,2,4,Friday,False
20250503,2025-05-03,2025,2,5,3,5,Saturday,True
20250504,2025-05-04,2025,2,5,4,6,Sunday,True
20250505,2025-05-05,2025,2,5,5,0,Monday,False
20250506,2025-05-06,2025,2,5,6,1,Tuesday,False
20250507,2025-05-07,2025,2,5,7,2,Wednesday,False
20250508,2025-05-08,2025,2,5,8,3,Thursday,False
20250509,2025-05-09,2025,2,5,9,4,Friday,False
20250510,2025-05-10,2025,2,5,10,5,Saturday,True
20250511,2025-05-11,2025,2,5,11,6,Sunday,True
20250512,2025-05-12,2025,2,5,12,0,Monday,False
20250513,2025-05-13,2025,2,5,13,1,Tuesday,False
20250514,2025-05-14,2025,2,5,14,2,Wednesday,False
20250515,2025-05-15,2025,2,5,15,3,Thursday,False
20250516,2025-05-16,2025,2,5,16,4,Friday,False
20250517,2025-05-17,2025,2,5,17,5,Saturday,True
20250518,2025-05-18,2025,2,5,18,6,Sunday,True
20250519,2025-05-19,2025,2,5,19,0,Monday,False
20250520,2025-05-20,2025,2,5,20,1,Tuesday,False
20250521,2025-05-21,2025,2,5,21,2,Wednesday,False
20250522,2025-05-22,2025,2,5,22,3,Thursday,False
20250523,2025-05-23,2025,2,5,23,4,Friday,False
20250524,2025-05-24,2025,2,5,24,5,Saturday,True
20250525,2025-05-25,2025,2,5,25,6,Sunday,True
20250526,2025-05-26,2025,2,5,26,0,Monday,False
20250527,2025-05-27,2025,2,5,27,1,Tuesday,False
20250528,2025-05-28,2025,2,5,28,2,Wednesday,False
20250529,2025-05-29,2025,2,5,29,3,Thursday,False
20250530,2025-05-30,2025,2,5,30,4,Friday,False
20250531,2025-05-31,2025,2,5,31,5,Saturday,True
20250601,2025-06-01,2025,2,6,1,6,Sunday,True
20250602,2025-06-02,2025,2,6,2,0,Monday,False
20250603,2025-06-03,2025,2,6,3,1,Tuesday,False
20250604,2025-06-04,2025,2,6,4,2,Wednesday,False
20250605,2025-06-05,2025,2,6,5,3,Thursday,False
20250606,2025-06-06,2025,2,6,6,4,Friday,False
20250607,2025-06-07,2025,2,6,7,5,Saturday,True
20250608,2025-06-08,2025,2,6,8,6,Sunday,True
20250609,2025-06-09,2025,2,6,9,0,Monday,False
20250610,2025-06-10,2025,2,6,10,1,Tuesday,False
20250611,2025-06-11,2025,2,6,11,2,Wednesday,False
20250612,2025-06-12,2025,2,6,12,3,Thursday,False
20250613,2025-06-13,2025,2,6,13,4,Friday,False
20250614,2025-06-14,2025,2,6,14,5,Saturday,True
20250615,2025-06-15,2025,2,6,15,6,Sunday,True
20250616,2025-06-16,2025,2,6,16,0,Monday,False
20250617,2025-06-17,2025,2,6,17,1,Tuesday,False
20250618,2025-06-18,2025,2,6,18,2,Wednesday,False
20250619,2025-06-19,2025,2,6,19,3,Thursday,False
20250620,2025-06-20,2025,2,6,20,4,Friday,False
20250621,2025-06-21,2025,2,6,21,5,Saturday,True
20250622,2025-06-22,2025,2,6,22,6,Sunday,True
20250623,2025-06-23,2025,2,6,23,0,Monday,False
20250624,2025-06-24,2025,2,6,24,1,Tuesday,False
20250625,2025-06-25,2025,2,6,25,2,Wednesday,False
20250626,2025-06-26,2025,2,6,26,3,Thursday,False
20250627,2025-06-27,2025,2,6,27,4,Friday,False
20250628,2025-06-28,2025,2,6,28,5,Saturday,True
20250629,2025-06-29,2025,2,6,29,6,Sunday,True
20250630,2025-06-30,2025,2,6,30,0,Monday,False
20250701,2025-07-01,2025,3,7,1,1,Tuesday,False
20250702,2025-07-02,2025,3,7,2,2,Wednesday,False
20250703,2025-07-03,2025,3,7,3,3,Thursday,False
20250704,2025-07-04,2025,3,7,4,4,Friday,False
20250705,2025-07-05,2025,3,7,5,5,Saturday,True
20250706,2025-07-06,2025,3,7,6,6,Sunday,True
20250707,2025-07-07,2025,3,7,7,0,Monday,False
20250708,2025-07-08,2025,3,7,8,1,Tuesday,False
20250709,2025-07-09,2025,3,7,9,2,Wednesday,False
20250710,2025-07-10,2025,3,7,10,3,Thursday,False
20250711,2025-07-11,2025,3,7,11,4,Friday,False
20250712,2025-07-12,2025,3,7,12,5,Saturday,True
20250713,2025-07-13,2025,3,7,13,6,Sunday,True
20250714,2025-07-14,2025,3,7,14,0,Monday,False
20250715,2025-07-15,2025,3,7,15,1,Tuesday,False
20250716,2025-07-16,2025,3,7,16,2,Wednesday,False
20250717,2025-07-17,2025,3,7,17,3,Thursday,False
20250718,2025-07-18,2025,3,7,18,4,Friday,False
20250719,2025-07-19,2025,3,7,19,5,Saturday,True
20250720,2025-07-20,2025,3,7,20,6,Sunday,True
20250721,2025-07-21,2025,3,7,21,0,Monday,False
20250722,2025-07-22,2025,3,7,22,1,Tuesday,False
20250723,2025-07-23,2025,3,7,23,2,Wednesday,False
20250724,2025-07-24,2025,3,7,24,3,Thursday,False
20250725,2025-07-25,2025,3,7,25,4,Friday,False
20250726,2025-07-26,2025,3,7,26,5,Saturday,True
20250727,2025-07-27,2025,3,7,27,6,Sunday,True
20250728,2025-07-28,2025,3,7,28,0,Monday,False
20250729,2025-07-29,2025,3,7,29,1,Tuesday,False
20250730,2025-07-30,2025,3,7,30,2,Wednesday,False
20250731,2025-07-31,2025,3,7,31,3,Thursday,False
20250801,2025-08-01,2025,3,8,1,4,Friday,False
20250802,2025-08-02,2025,3,8,2,5,Saturday,True
20250803,2025-08-03,2025,3,8,3,6,Sunday,True
20250804,2025-08-04,2025,3,8,4,0,Monday,False
20250805,2025-08-05,2025,3,8,5,1,Tuesday,False
20250806,2025-08-06,2025,3,8,6,2,Wednesday,False
20250807,2025-08-07,2025,3,8,7,3,Thursday,False
20250808,2025-08-08,2025,3,8,8,4,Friday,False
20250809,2025-08-09,2025,3,8,9,5,Saturday,True
20250810,2025-08-10,2025,3,8,10,6,Sunday,True
20250811,2025-08-11,2025,3,8,11,0,Monday,False
20250812,2025-08-12,2025,3,8,12,1,Tuesday,False
20250813,2025-08-13,2025,3,8,13,2,Wednesday,False
20250814,2025-08-14,2025,3,8,14,3,Thursday,False
20250815,2025-08-15,2025,3,8,15,4,Friday,False
20250816,2025-08-16,2025,3,8,16,5,Saturday,True
20250817,2025-08-17,2025,3,8,17,6,Sunday,True
20250818,2025-08-18,2025,3,8,18,0,Monday,False
20250819,2025-08-19,2025,3,8,19,1,Tuesday,False
20250820,2025-08-20,2025,3,8,20,2,Wednesday,False
20250821,2025-08-21,2025,3,8,21,3,Thursday,False
20250822,2025-08-22,2025,3,8,22,4,Friday,False
20250823,2025-08-23,2025,3,8,23,5,Saturday,True
20250824,2025-08-24,2025,3,8,24,6,Sunday,True
20250825,2025-08-25,2025,3,8,25,0,Monday,False
20250826,2025-08-26,2025,3,8,26,1,Tuesday,False
20250827,2025-08-27,2025,3,8,27,2,Wednesday,False
20250828,2025-08-28,2025,3,8,28,3,Thursday,False
20250829,2025-08-29,2025,3,8,29,4,Friday,False
20250830,2025-08-30,2025,3,8,30,5,Saturday,True
20250831,2025-08-31,2025,3,8,31,6,Sunday,True
20250901,2025-09-01,2025,3,9,1,0,Monday,False
20250902,2025-09-02,2025,3,9,2,1,Tuesday,False
20250903,2025-09-03,2025,3,9,3,2,Wednesday,False
20250904,2025-09-04,2025,3,9,4,3,Thursday,False
20250905,2025-09-05,2025,3,9,5,4,Friday,False
20250906,2025-09-06,2025,3,9,6,5,Saturday,True
20250907,2025-09-07,2025,3,9,7,6,Sunday,True
20250908,2025-09-08,2025,3,9,8,0,Monday,False
20250909,2025-09-09,2025,3,9,9,1,Tuesday,False
20250910,2025-09-10,2025,3,9,10,2,Wednesday,False
20250911,2025-09-11,2025,3,9,11,3,Thursday,False
20250912,2025-09-12,2025,3,9,12,4,Friday,False
20250913,2025-09-13,2025,3,9,13,5,Saturday,True
20250914,2025-09-14,2025,3,9,14,6,Sunday,True
20250915,2025-09-15,2025,3,9,15,0,Monday,False
20250916,2025-09-16,2025,3,9,16,1,Tuesday,False
20250917,2025-09-17,2025,3,9,17,2,Wednesday,False
20250918,2025-09-18,2025,3,9,18,3,Thursday,False
20250919,2025-09-19,2025,3,9,19,4,Friday,False
20250920,2025-09-20,2025,3,9,20,5,Saturday,True
20250921,2025-09-21,2025,3,9,21,6,Sunday,True
20250922,2025-09-22,2025,3,9,22,0,Monday,False
20250923,2025-09-23,2025,3,9,23,1,Tuesday,False
20250924,2025-09-24,2025,3,9,24,2,Wednesday,False
20250925,2025-09-25,2025,3,9,25,3,Thursday,False
20250926,2025-09-26,2025,3,9,26,4,Friday,False
20250927,2025-09-27,2025,3,9,27,5,Saturday,True
20250928,2025-09-28,2025,3,9,28,6,Sunday,True
20250929,2025-09-29,2025,3,9,29,0,Monday,False
20250930,2025-09-30,2025,3,9,30,1,Tuesday,False
20251001,2025-10-01,2025,4,10,1,2,Wednesday,False
20251002,2025-10-02,2025,4,10,2,3,Thursday,False
20251003,2025-10-03,2025,4,10,3,4,Friday,False
20251004,2025-10-04,2025,4,10,4,5,Saturday,True
20251005,2025-10-05,2025,4,10,5,6,Sunday,True
20251006,2025-10-06,2025,4,10,6,0,Monday,False
20251007,2025-10-07,2025,4,10,7,1,Tuesday,False
20251008,2025-10-08,2025,4,10,8,2,Wednesday,False
20251009,2025-10-09,2025,4,10,9,3,Thursday,False
20251010,2025-10-10,2025,4,10,10,4,Friday,False
20251011,2025-10-11,2025,4,10,11,5,Saturday,True
20251012,2025-10-12,2025,4,10,12,6,Sunday,True
20251013,2025-10-13,2025,4,10,13,0,Monday,False
20251014,2025-10-14,2025,4,10,14,1,Tuesday,False
20251015,2025-10-15,2025,4,10,15,2,Wednesday,False
20251016,2025-10-16,2025,4,10,16,3,Thursday,False
20251017,2025-10-17,2025,4,10,17,4,Friday,False
20251018,2025-10-18,2025,4,10,18,5,Saturday,True
20251019,2025-10-19,2025,4,10,19,6,Sunday,True
20251020,2025-10-20,2025,4,10,20,0,Monday,False
20251021,2025-10-21,2025,4,10,21,1,Tuesday,False
20251022,2025-10-22,2025,4,10,22,2,Wednesday,False
20251023,2025-10-23,2025,4,10,23,3,Thursday,False
20251024,2025-10-24,2025,4,10,24,4,Friday,False
20251025,2025-10-25,2025,4,10,25,5,Saturday,True
20251026,2025-10-26,2025,4,10,26,6,Sunday,True
20251027,2025-10-27,2025,4,10,27,0,Monday,False
20251028,2025-10-28,2025,4,10,28,1,Tuesday,False
20251029,2025-10-29,2025,4,10,29,2,Wednesday,False
20251030,2025-10-30,2025,4,10,30,3,Thursday,False
20251031,2025-10-31,2025,4,10,31,4,Friday,False
20251101,2025-11-01,2025,4,11,1,5,Saturday,True
20251102,2025-11-02,2025,4,11,2,6,Sunday,True
20251103,2025-11-03,2025,4,11,3,0,Monday,False
20251104,2025-11-04,2025,4,11,4,1,Tuesday,False
20251105,2025-11-05,2025,4,11,5,2,Wednesday,False
20251106,2025-11-06,2025,4,11,6,3,Thursday,False
20251107,2025-11-07,2025,4,11,7,4,Friday,False
20251108,2025-11-08,2025,4,11,8,5,Saturday,True
20251109,2025-11-09,2025,4,11,9,6,Sunday,True
20251110,2025-11-10,2025,4,11,10,0,Monday,False
20251111,2025-11-11,2025,4,11,11,1,Tuesday,False
20251112,2025-11-12,2025,4,11,12,2,Wednesday,False
20251113,2025-11-13,2025,4,11,13,3,Thursday,False
20251114,2025-11-14,2025,4,11,14,4,Friday,False
20251115,2025-11-15,2025,4,11,15,5,Saturday,True
20251116,2025-11-16,2025,4,11,16,6,Sunday,True
20251117,2025-11-17,2025,4,11,17,0,Monday,False
20251118,2025-11-18,2025,4,11,18,1,Tuesday,False
20251119,2025-11-19,2025,4,11,19,2,Wednesday,False
20251120,2025-11-20,2025,4,11,20,3,Thursday,False
20251121,2025-11-21,2025,4,11,21,4,Friday,False
20251122,2025-11-22,2025,4,11,22,5,Saturday,True
20251123,2025-11-23,2025,4,11,23,6,Sunday,True
20251124,2025-11-24,2025,4,11,24,0,Monday,False
20251125,2025-11-25,2025,4,11,25,1,Tuesday,False
20251126,2025-11-26,2025,4,11,26,2,Wednesday,False
20251127,2025-11-27,2025,4,11,27,3,Thursday,False
20251128,2025-11-28,2025,4,11,28,4,Friday,False
20251129,2025-11-29,2025,4,11,29,5,Saturday,True
20251130,2025-11-30,2025,4,11,30,6,Sunday,True
20251201,2025-12-01,2025,4,12,1,0,Monday,False
20251202,2025-12-02,2025,4,12,2,1,Tuesday,False
20251203,2025-12-03,2025,4,12,3,2,Wednesday,False
20251204,2025-12-04,2025,4,12,4,3,Thursday,False
20251205,2025-12-05,2025,4,12,5,4,Friday,False
20251206,2025-12-06,2025,4,12,6,5,Saturday,True
20251207,2025-12-07,2025,4,12,7,6,Sunday,True
20251208,2025-12-08,2025,4,12,8,0,Monday,False
20251209,2025-12-09,2025,4,12,9,1,Tuesday,False
20251210,2025-12-10,2025,4,12,10,2,Wednesday,False
20251211,2025-12-11,2025,4,12,11,3,Thursday,False
20251212,2025-12-12,2025,4,12,12,4,Friday,False
20251213,2025-12-13,2025,4,12,13,5,Saturday,True
20251214,2025-12-14,2025,4,12,14,6,Sunday,True
20251215,2025-12-15,2025,4,12,15,0,Monday,False
20251216,2025-12-16,2025,4,12,16,1,Tuesday,False
20251217,2025-12-17,2025,4,12,17,2,Wednesday,False
20251218,2025-12-18,2025,4,12,18,3,Thursday,False
20251219,2025-12-19,2025,4,12,19,4,Friday,False
20251220,2025-12-20,2025,4,12,20,5,Saturday,True
20251221,2025-12-21,2025,4,12,21,6,Sunday,True
20251222,2025-12-22,2025,4,12,22,0,Monday,False
20251223,2025-12-23,2025,4,12,23,1,Tuesday,False
20251224,2025-12-24,2025,4,12,24,2,Wednesday,False
20251225,2025-12-25,2025,4,12,25,3,Thursday,False
20251226,2025-12-26,2025,4,12,26,4,Friday,False
20251227,2025-12-27,2025,4,12,27,5,Saturday,True
20251228,2025-12-28,2025,4,12,28,6,Sunday,True
20251229,2025-12-29,2025,4,12,29,0,Monday,False
20251230,2025-12-30,2025,4,12,30,1,Tuesday,False
20251231,2025-12-31,2025,4,12,31,2,Wednesday,False
20260101,2026-01-01,2026,1,1,1,3,Thursday,False
20260102,2026-01-02,2026,1,1,2,4,Friday,False
20260103,2026-01-03,2026,1,1,3,5,Saturday,True
20260104,2026-01-04,2026,1,1,4,6,Sunday,True
20260105,2026-01-05,2026,1,1,5,0,Monday,False
20260106,2026-01-06,2026,1,1,6,1,Tuesday,False
20260107,2026-01-07,2026,1,1,7,2,Wednesday,False
20260108,2026-01-08,2026,1,1,8,3,Thursday,False
20260109,2026-01-09,2026,1,1,9,4,Friday,False
20260110,2026-01-10,2026,1,1,10,5,Saturday,True
20260111,2026-01-11,2026,1,1,11,6,Sunday,True
20260112,2026-01-12,2026,1,1,12,0,Monday,False
20260113,2026-01-13,2026,1,1,13,1,Tuesday,False
20260114,2026-01-14,2026,1,1,14,2,Wednesday,False
20260115,2026-01-15,2026,1,1,15,3,Thursday,False
20260116,2026-01-16,2026,1,1,16,4,Friday,False
20260117,2026-01-17,2026,1,1,17,5,Saturday,True
20260118,2026-01-18,2026,1,1,18,6,Sunday,True
20260119,2026-01-19,2026,1,1,19,0,Monday,False
20260120,2026-01-20,2026,1,1,20,1,Tuesday,False
20260121,2026-01-21,2026,1,1,21,2,Wednesday,False
20260122,2026-01-22,2026,1,1,22,3,Thursday,False
20260123,2026-01-23,2026,1,1,23,4,Friday,False
20260124,2026-01-24,2026,1,1,24,5,Saturday,True
20260125,2026-01-25,2026,1,1,25,6,Sunday,True
20260126,2026-01-26,2026,1,1,26,0,Monday,False
20260127,2026-01-27,2026,1,1,27,1,Tuesday,False
20260128,2026-01-28,2026,1,1,28,2,Wednesday,False
20260129,2026-01-29,2026,1,1,29,3,Thursday,False
20260130,2026-01-30,2026,1,1,30,4,Friday,False
20260131,2026-01-31,2026,1,1,31,5,Saturday,True
20260201,2026-02-01,2026,1,2,1,6,Sunday,True
20260202,2026-02-02,2026,1,2,2,0,Monday,False
20260203,2026-02-03,2026,1,2,3,1,Tuesday,False
20260204,2026-02-04,2026,1,2,4,2,Wednesday,False
20260205,2026-02-05,2026,1,2,5,3,Thursday,False
20260206,2026-02-06,2026,1,2,6,4,Friday,False
20260207,2026-02-07,2026,1,2,7,5,Saturday,True
20260208,2026-02-08,2026,1,2,8,6,Sunday,True
20260209,2026-02-09,2026,1,2,9,0,Monday,False
20260210,2026-02-10,2026,1,2,10,1,Tuesday,False
20260211,2026-02-11,2026,1,2,11,2,Wednesday,False
20260212,2026-02-12,2026,1,2,12,3,Thursday,False
20260213,2026-02-13,2026,1,2,13,4,Friday,False
20260214,2026-02-14,2026,1,2,14,5,Saturday,True
20260215,2026-02-15,2026,1,2,15,6,Sunday,True
20260216,2026-02-16,2026,1,2,16,0,Monday,False
20260217,2026-02-17,2026,1,2,17,1,Tuesday,False
20260218,2026-02-18,2026,1,2,18,2,Wednesday,False
20260219,2026-02-19,2026,1,2,19,3,Thursday,False
20260220,2026-02-20,2026,1,2,20,4,Friday,False
20260221,2026-02-21,2026,1,2,21,5,Saturday,True
20260222,2026-02-22,2026,1,2,22,6,Sunday,True
20260223,2026-02-23,2026,1,2,23,0,Monday,False
20260224,2026-02-24,2026,1,2,24,1,Tuesday,False
20260225,2026-02-25,2026,1,2,25,2,Wednesday,False
20260226,2026-02-26,2026,1,2,26,3,Thursday,False
20260227,2026-02-27,2026,1,2,27,4,Friday,False
20260228,2026-02-28,2026,1,2,28,5,Saturday,True
20260301,2026-03-01,2026,1,3,1,6,Sunday,True
20260302,2026-03-02,2026,1,3,2,0,Monday,False
20260303,2026-03-03,2026,1,3,3,1,Tuesday,False
20260304,2026-03-04,2026,1,3,4,2,Wednesday,False
20260305,2026-03-05,2026,1,3,5,3,Thursday,False
20260306,2026-03-06,2026,1,3,6,4,Friday,False
20260307,2026-03-07,2026,1,3,7,5,Saturday,True
20260308,2026-03-08,2026,1,3,8,6,Sunday,True
20260309,2026-03-09,2026,1,3,9,0,Monday,False
20260310,2026-03-10,2026,1,3,10,1,Tuesday,False
20260311,2026-03-11,2026,1,3,11,2,Wednesday,False
20260312,2026-03-12,2026,1,3,12,3,Thursday,False
20260313,2026-03-13,2026,1,3,13,4,Friday,False
20260314,2026-03-14,2026,1,3,14,5,Saturday,True
20260315,2026-03-15,2026,1,3,15,6,Sunday,True
20260316,2026-03-16,2026,1,3,16,0,Monday,False
20260317,2026-03-17,2026,1,3,17,1,Tuesday,False
20260318,2026-03-18,2026,1,3,18,2,Wednesday,False
20260319,2026-03-19,2026,1,3,19,3,Thursday,False
20260320,2026-03-20,2026,1,3,20,4,Friday,False
20260321,2026-03-21,2026,1,3,21,5,Saturday,True
20260322,2026-03-22,2026,1,3,22,6,Sunday,True
20260323,2026-03-23,2026,1,3,23,0,Monday,False
20260324,2026-03-24,2026,1,3,24,1,Tuesday,False
20260325,2026-03-25,2026,1,3,25,2,Wednesday,False
20260326,2026-03-26,2026,1,3,26,3,Thursday,False
20260327,2026-03-27,2026,1,3,27,4,Friday,False
20260328,2026-03-28,2026,1,3,28,5,Saturday,True
20260329,2026-03-29,2026,1,3,29,6,Sunday,True
20260330,2026-03-30,2026,1,3,30,0,Monday,False
20260331,2026-03-31,2026,1,3,31,1,Tuesday,False
20260401,2026-04-01,2026,2,4,1,2,Wednesday,False
20260402,2026-04-02,2026,2,4,2,3,Thursday,False
20260403,2026-04-03,2026,2,4,3,4,Friday,False
20260404,2026-04-04,2026,2,4,4,5,Saturday,True
20260405,2026-04-05,2026,2,4,5,6,Sunday,True
20260406,2026-04-06,2026,2,4,6,0,Monday,False
20260407,2026-04-07,2026,2,4,7,1,Tuesday,False
20260408,2026-04-08,2026,2,4,8,2,Wednesday,False
20260409,2026-04-09,2026,2,4,9,3,Thursday,False
20260410,2026-04-10,2026,2,4,10,4,Friday,False
20260411,2026-04-11,2026,2,4,11,5,Saturday,True
20260412,2026-04-12,2026,2,4,12,6,Sunday,True
20260413,2026-04-13,2026,2,4,13,0,Monday,False
20260414,2026-04-14,2026,2,4,14,1,Tuesday,False
20260415,2026-04-15,2026,2,4,15,2,Wednesday,False
20260416,2026-04-16,2026,2,4,16,3,Thursday,False
20260417,2026-04-17,2026,2,4,17,4,Friday,False
20260418,2026-04-18,2026,2,4,18,5,Saturday,True
20260419,2026-04-19,2026,2,4,19,6,Sunday,True
20260420,2026-04-20,2026,2,4,20,0,Monday,False
20260421,2026-04-21,2026,2,4,21,1,Tuesday,False
20260422,2026-04-22,2026,2,4,22,2,Wednesday,False
20260423,2026-04-23,2026,2,4,23,3,Thursday,False
20260424,2026-04-24,2026,2,4,24,4,Friday,False
20260425,2026-04-25,2026,2,4,25,5,Saturday,True
20260426,2026-04-26,2026,2,4,26,6,Sunday,True
20260427,2026-04-27,2026,2,4,27,0,Monday,False
20260428,2026-04-28,2026,2,4,28,1,Tuesday,False
20260429,2026-04-29,2026,2,4,29,2,Wednesday,False
20260430,2026-04-30,2026,2,4,30,3,Thursday,False
20260501,2026-05-01,2026,2,5,1,4,Friday,False
20260502,2026-05-02,2026,2,5,2,5,Saturday,True
20260503,2026-05-03,2026,2,5,3,6,Sunday,True
20260504,2026-05-04,2026,2,5,4,0,Monday,False
20260505,2026-05-05,2026,2,5,5,1,Tuesday,False
20260506,2026-05-06,2026,2,5,6,2,Wednesday,False
20260507,2026-05-07,2026,2,5,7,3,Thursday,False
20260508,2026-05-08,2026,2,5,8,4,Friday,False
20260509,2026-05-09,2026,2,5,9,5,Saturday,True
20260510,2026-05-10,2026,2,5,10,6,Sunday,True
20260511,2026-05-11,2026,2,5,11,0,Monday,False
20260512,2026-05-12,2026,2,5,12,1,Tuesday,False
20260513,2026-05-13,2026,2,5,13,2,Wednesday,False
20260514,2026-05-14,2026,2,5,14,3,Thursday,False
20260515,2026-05-15,2026,2,5,15,4,Friday,False
20260516,2026-05-16,2026,2,5,16,5,Saturday,True
20260517,2026-05-17,2026,2,5,17,6,Sunday,True
20260518,2026-05-18,2026,2,5,18,0,Monday,False
20260519,2026-05-19,2026,2,5,19,1,Tuesday,False
20260520,2026-05-20,2026,2,5,20,2,Wednesday,False
20260521,2026-05-21,2026,2,5,21,3,Thursday,False
20260522,2026-05-22,2026,2,5,22,4,Friday,False
20260523,2026-05-23,2026,2,5,23,5,Saturday,True
20260524,2026-05-24,2026,2,5,24,6,Sunday,True
20260525,2026-05-25,2026,2,5,25,0,Monday,False
20260526,2026-05-26,2026,2,5,26,1,Tuesday,False
20260527,2026-05-27,2026,2,5,27,2,Wednesday,False
20260528,2026-05-28,2026,2,5,28,3,Thursday,False
20260529,2026-05-29,2026,2,5,29,4,Friday,False
20260530,2026-05-30,2026,2,5,30,5,Saturday,True
20260531,2026-05-31,2026,2,5,31,6,Sunday,True
20260601,2026-06-01,2026,2,6,1,0,Monday,False
20260602,2026-06-02,2026,2,6,2,1,Tuesday,False
20260603,2026-06-03,2026,2,6,3,2,Wednesday,False
20260604,2026-06-04,2026,2,6,4,3,Thursday,False
20260605,2026-06-05,2026,2,6,5,4,Friday,False
20260606,2026-06-06,2026,2,6,6,5,Saturday,True
20260607,2026-06-07,2026,2,6,7,6,Sunday,True
20260608,2026-06-08,2026,2,6,8,0,Monday,False
20260609,2026-06-09,2026,2,6,9,1,Tuesday,False
20260610,2026-06-10,2026,2,6,10,2,Wednesday,False
20260611,2026-06-11,2026,2,6,11,3,Thursday,False
20260612,2026-06-12,2026,2,6,12,4,Friday,False
20260613,2026-06-13,2026,2,6,13,5,Saturday,True
20260614,2026-06-14,2026,2,6,14,6,Sunday,True
20260615,2026-06-15,2026,2,6,15,0,Monday,False
20260616,2026-06-16,2026,2,6,16,1,Tuesday,False
20260617,2026-06-17,2026,2,6,17,2,Wednesday,False
20260618,2026-06-18,2026,2,6,18,3,Thursday,False
20260619,2026-06-19,2026,2,6,19,4,Friday,False
20260620,2026-06-20,2026,2,6,20,5,Saturday,True
20260621,2026-06-21,2026,2,6,21,6,Sunday,True
20260622,2026-06-22,2026,2,6,22,0,Monday,False
20260623,2026-06-23,2026,2,6,23,1,Tuesday,False
20260624,2026-06-24,2026,2,6,24,2,Wednesday,False
20260625,2026-06-25,2026,2,6,25,3,Thursday,False
20260626,2026-06-26,2026,2,6,26,4,Friday,False
20260627,2026-06-27,2026,2,6,27,5,Saturday,True
20260628,2026-06-28,2026,2,6,28,6,Sunday,True
20260629,2026-06-29,2026,2,6,29,0,Monday,False
20260630,2026-06-30,2026,2,6,30,1,Tuesday,False
20260701,2026-07-01,2026,3,7,1,2,Wednesday,False
20260702,2026-07-02,2026,3,7,2,3,Thursday,False
20260703,2026-07-03,2026,3,7,3,4,Friday,False
20260704,2026-07-04,2026,3,7,4,5,Saturday,True
20260705,2026-07-05,2026,3,7,5,6,Sunday,True
20260706,2026-07-06,2026,3,7,6,0,Monday,False
20260707,2026-07-07,2026,3,7,7,1,Tuesday,False
20260708,2026-07-08,2026,3,7,8,2,Wednesday,False
20260709,2026-07-09,2026,3,7,9,3,Thursday,False
20260710,2026-07-10,2026,3,7,10,4,Friday,False
20260711,2026-07-11,2026,3,7,11,5,Saturday,True
20260712,2026-07-12,2026,3,7,12,6,Sunday,True
20260713,2026-07-13,2026,3,7,13,0,Monday,False
20260714,2026-07-14,2026,3,7,14,1,Tuesday,False
20260715,2026-07-15,2026,3,7,15,2,Wednesday,False
20260716,2026-07-16,2026,3,7,16,3,Thursday,False
20260717,2026-07-17,2026,3,7,17,4,Friday,False
20260718,2026-07-18,2026,3,7,18,5,Saturday,True
20260719,2026-07-19,2026,3,7,19,6,Sunday,True
20260720,2026-07-20,2026,3,7,20,0,Monday,False
20260721,2026-07-21,2026,3,7,21,1,Tuesday,False
20260722,2026-07-22,2026,3,7,22,2,Wednesday,False
20260723,2026-07-23,2026,3,7,23,3,Thursday,False
20260724,2026-07-24,2026,3,7,24,4,Friday,False
20260725,2026-07-25,2026,3,7,25,5,Saturday,True
20260726,2026-07-26,2026,3,7,26,6,Sunday,True
20260727,2026-07-27,2026,3,7,27,0,Monday,False
20260728,2026-07-28,2026,3,7,28,1,Tuesday,False
20260729,2026-07-29,2026,3,7,29,2,Wednesday,False
20260730,2026-07-30,2026,3,7,30,3,Thursday,False
20260731,2026-07-31,2026,3,7,31,4,Friday,False
20260801,2026-08-01,2026,3,8,1,5,Saturday,True
20260802,2026-08-02,2026,3,8,2,6,Sunday,True
20260803,2026-08-03,2026,3,8,3,0,Monday,False
20260804,2026-08-04,2026,3,8,4,1,Tuesday,False
20260805,2026-08-05,2026,3,8,5,2,Wednesday,False
20260806,2026-08-06,2026,3,8,6,3,Thursday,False
20260807,2026-08-07,2026,3,8,7,4,Friday,False
20260808,2026-08-08,2026,3,8,8,5,Saturday,True
20260809,2026-08-09,2026,3,8,9,6,Sunday,True
20260810,2026-08-10,2026,3,8,10,0,Monday,False
20260811,2026-08-11,2026,3,8,11,1,Tuesday,False
20260812,2026-08-12,2026,3,8,12,2,Wednesday,False
20260813,2026-08-13,2026,3,8,13,3,Thursday,False
20260814,2026-08-14,2026,3,8,14,4,Friday,False
20260815,2026-08-15,2026,3,8,15,5,Saturday,True
20260816,2026-08-16,2026,3,8,16,6,Sunday,True
20260817,2026-08-17,2026,3,8,17,0,Monday,False
20260818,2026-08-18,2026,3,8,18,1,Tuesday,False
20260819,2026-08-19,2026,3,8,19,2,Wednesday,False
20260820,2026-08-20,2026,3,8,20,3,Thursday,False
20260821,2026-08-21,2026,3,8,21,4,Friday,False
20260822,2026-08-22,2026,3,8,22,5,Saturday,True
20260823,2026-08-23,2026,3,8,23,6,Sunday,True
20260824,2026-08-24,2026,3,8,24,0,Monday,False
20260825,2026-08-25,2026,3,8,25,1,Tuesday,False
20260826,2026-08-26,2026,3,8,26,2,Wednesday,False
20260827,2026-08-27,2026,3,8,27,3,Thursday,False
20260828,2026-08-28,2026,3,8,28,4,Friday,False
20260829,2026-08-29,2026,3,8,29,5,Saturday,True
20260830,2026-08-30,2026,3,8,30,6,Sunday,True
20260831,2026-08-31,2026,3,8,31,0,Monday,False
20260901,2026-09-01,2026,3,9,1,1,Tuesday,False
20260902,2026-09-02,2026,3,9,2,2,Wednesday,False
20260903,2026-09-03,2026,3,9,3,3,Thursday,False
20260904,2026-09-04,2026,3,9,4,4,Friday,False
20260905,2026-09-05,2026,3,9,5,5,Saturday,True
20260906,2026-09-06,2026,3,9,6,6,Sunday,True
20260907,2026-09-07,2026,3,9,7,0,Monday,False
20260908,2026-09-08,2026,3,9,8,1,Tuesday,False
20260909,2026-09-09,2026,3,9,9,2,Wednesday,False
20260910,2026-09-10,2026,3,9,10,3,Thursday,False
20260911,2026-09-11,2026,3,9,11,4,Friday,False
20260912,2026-09-12,2026,3,9,12,5,Saturday,True
20260913,2026-09-13,2026,3,9,13,6,Sunday,True
20260914,2026-09-14,2026,3,9,14,0,Monday,False
20260915,2026-09-15,2026,3,9,15,1,Tuesday,False
20260916,2026-09-16,2026,3,9,16,2,Wednesday,False
20260917,2026-09-17,2026,3,9,17,3,Thursday,False
20260918,2026-09-18,2026,3,9,18,4,Friday,False
20260919,2026-09-19,2026,3,9,19,5,Saturday,True
20260920,2026-09-20,2026,3,9,20,6,Sunday,True
20260921,2026-09-21,2026,3,9,21,0,Monday,False
20260922,2026-09-22,2026,3,9,22,1,Tuesday,False
20260923,2026-09-23,2026,3,9,23,2,Wednesday,False
20260924,2026-09-24,2026,3,9,24,3,Thursday,False
20260925,2026-09-25,2026,3,9,25,4,Friday,False
20260926,2026-09-26,2026,3,9,26,5,Saturday,True
20260927,2026-09-27,2026,3,9,27,6,Sunday,True
20260928,2026-09-28,2026,3,9,28,0,Monday,False
20260929,2026-09-29,2026,3,9,29,1,Tuesday,False
20260930,2026-09-30,2026,3,9,30,2,Wednesday,False
20261001,2026-10-01,2026,4,10,1,3,Thursday,False
20261002,2026-10-02,2026,4,10,2,4,Friday,False
20261003,2026-10-03,2026,4,10,3,5,Saturday,True
20261004,2026-10-04,2026,4,10,4,6,Sunday,True
20261005,2026-10-05,2026,4,10,5,0,Monday,False
20261006,2026-10-06,2026,4,10,6,1,Tuesday,False
20261007,2026-10-07,2026,4,10,7,2,Wednesday,False
20261008,2026-10-08,2026,4,10,8,3,Thursday,False
20261009,2026-10-09,2026,4,10,9,4,Friday,False
20261010,2026-10-10,2026,4,10,10,5,Saturday,True
20261011,2026-10-11,2026,4,10,11,6,Sunday,True
20261012,2026-10-12,2026,4,10,12,0,Monday,False
20261013,2026-10-13,2026,4,10,13,1,Tuesday,False
20261014,2026-10-14,2026,4,10,14,2,Wednesday,False
20261015,2026-10-15,2026,4,10,15,3,Thursday,False
20261016,2026-10-16,2026,4,10,16,4,Friday,False
20261017,2026-10-17,2026,4,10,17,5,Saturday,True
20261018,2026-10-18,2026,4,10,18,6,Sunday,True
20261019,2026-10-19,2026,4,10,19,0,Monday,False
20261020,2026-10-20,2026,4,10,20,1,Tuesday,False
20261021,2026-10-21,2026,4,10,21,2,Wednesday,False
20261022,2026-10-22,2026,4,10,22,3,Thursday,False
20261023,2026-10-23,2026,4,10,23,4,Friday,False
20261024,2026-10-24,2026,4,10,24,5,Saturday,True
20261025,2026-10-25,2026,4,10,25,6,Sunday,True
20261026,2026-10-26,2026,4,10,26,0,Monday,False
20261027,2026-10-27,2026,4,10,27,1,Tuesday,False
20261028,2026-10-28,2026,4,10,28,2,Wednesday,False
20261029,2026-10-29,2026,4,10,29,3,Thursday,False
20261030,2026-10-30,2026,4,10,30,4,Friday,False
20261031,2026-10-31,2026,4,10,31,5,Saturday,True
20261101,2026-11-01,2026,4,11,1,6,Sunday,True
20261102,2026-11-02,2026,4,11,2,0,Monday,False
20261103,2026-11-03,2026,4,11,3,1,Tuesday,False
20261104,2026-11-04,2026,4,11,4,2,Wednesday,False
20261105,2026-11-05,2026,4,11,5,3,Thursday,False
20261106,2026-11-06,2026,4,11,6,4,Friday,False
20261107,2026-11-07,2026,4,11,7,5,Saturday,True
20261108,2026-11-08,2026,4,11,8,6,Sunday,True
20261109,2026-11-09,2026,4,11,9,0,Monday,False
20261110,2026-11-10,2026,4,11,10,1,Tuesday,False
20261111,2026-11-11,2026,4,11,11,2,Wednesday,False
20261112,2026-11-12,2026,4,11,12,3,Thursday,False
20261113,2026-11-13,2026,4,11,13,4,Friday,False
20261114,2026-11-14,2026,4,11,14,5,Saturday,True
20261115,2026-11-15,2026,4,11,15,6,Sunday,True
20261116,2026-11-16,2026,4,11,16,0,Monday,False
20261117,2026-11-17,2026,4,11,17,1,Tuesday,False
20261118,2026-11-18,2026,4,11,18,2,Wednesday,False
20261119,2026-11-19,2026,4,11,19,3,Thursday,False
20261120,2026-11-20,2026,4,11,20,4,Friday,False
20261121,2026-11-21,2026,4,11,21,5,Saturday,True
20261122,2026-11-22,2026,4,11,22,6,Sunday,True
20261123,2026-11-23,2026,4,11,23,0,Monday,False
20261124,2026-11-24,2026,4,11,24,1,Tuesday,False
20261125,2026-11-25,2026,4,11,25,2,Wednesday,False
20261126,2026-11-26,2026,4,11,26,3,Thursday,False
20261127,2026-11-27,2026,4,11,27,4,Friday,False
20261128,2026-11-28,2026,4,11,28,5,Saturday,True
20261129,2026-11-29,2026,4,11,29,6,Sunday,True
20261130,2026-11-30,2026,4,11,30,0,Monday,False
20261201,2026-12-01,2026,4,12,1,1,Tuesday,False
20261202,2026-12-02,2026,4,12,2,2,Wednesday,False
20261203,2026-12-03,2026,4,12,3,3,Thursday,False
20261204,2026-12-04,2026,4,12,4,4,Friday,False
20261205,2026-12-05,2026,4,12,5,5,Saturday,True
20261206,2026-12-06,2026,4,12,6,6,Sunday,True
20261207,2026-12-07,2026,4,12,7,0,Monday,False
20261208,2026-12-08,2026,4,12,8,1,Tuesday,False
20261209,2026-12-09,2026,4,12,9,2,Wednesday,False
20261210,2026-12-10,2026,4,12,10,3,Thursday,False
20261211,2026-12-11,2026,4,12,11,4,Friday,False
20261212,2026-12-12,2026,4,12,12,5,Saturday,True
20261213,2026-12-13,2026,4,12,13,6,Sunday,True
20261214,2026-12-14,2026,4,12,14,0,Monday,False
20261215,2026-12-15,2026,4,12,15,1,Tuesday,False
20261216,2026-12-16,2026,4,12,16,2,Wednesday,False
20261217,2026-12-17,2026,4,12,17,3,Thursday,False
20261218,2026-12-18,2026,4,12,18,4,Friday,False
20261219,2026-12-19,2026,4,12,19,5,Saturday,True
20261220,2026-12-20,2026,4,12,20,6,Sunday,True
20261221,2026-12-21,2026,4,12,21,0,Monday,False
20261222,2026-12-22,2026,4,12,22,1,Tuesday,False
20261223,2026-12-23,2026,4,12,23,2,Wednesday,False
20261224,2026-12-24,2026,4,12,24,3,Thursday,False
20261225,2026-12-25,2026,4,12,25,4,Friday,False
20261226,2026-12-26,2026,4,12,26,5,Saturday,True
20261227,2026-12-27,2026,4,12,27,6,Sunday,True
20261228,2026-12-28,2026,4,12,28,0,Monday,False
20261229,2026-12-29,2026,4,12,29,1,Tuesday,False
20261230,2026-12-30,2026,4,12,30,2,Wednesday,False
20261231,2026-12-31,2026,4,12,31,3,Thursday,False
